RAJ2000,DEJ2000,plate,fiberid,mjd,iMAG,logLbol,e_logLbol,logLBHb,e_logLBHb,W_BHb_,e_W_BHb_,EWBHb,e_EWBHb,SN_Hb_,logBH,e_logBH,logEdd,specobjid,z,h_beta_flux,fwhm_hbeta
189.67804,45.30687,1372,486,53062,-23.2,45.236,0.004,42.35,0.02,4399.3,330.1,62.0,3.1,23.06,8.33,0.07,-1.2,1544868314222716928,0.2288463,323.9026,1177.4
189.77188,41.44564,1984,609,53433,-22.29,44.819,0.005,42.11,0.04,2371.4,541.6,89.4,8.7,15.06,7.59,0.2,-0.87,2233952873417304064,0.178252,448.1307,1177.4
189.81419,53.2374,885,449,52379,-22.69,45.121,0.004,41.93,0.04,10756.6,4366.4,32.1,3.4,16.27,9.05,0.35,-2.03,996544877648963584,0.2016241,86.80108,680.4231
189.93733,19.90707,2614,350,54481,-23.37,45.132,0.001,42.55,0.02,15241.3,362.8,118.7,6.3,19.79,9.36,0.02,-2.33,2943198638932781056,0.2393598,370.0913,533.4928
189.99405,49.09448,1278,96,52735,-22.77,45.166,0.011,42.25,0.01,1385.6,48.6,52.5,2.9,15.96,7.29,0.03,-0.23,1438926515109652480,0.2353105,589.2418,976.0384
190.0544,31.04537,2237,448,53828,-22.7,45.098,0.005,41.54,0.08,4940.4,2527.9,13.2,3.2,17.4,8.36,0.44,-1.37,2518761301132470272,0.235612,43.81033,1177.4
190.40521,44.7483,1372,589,53062,-22.45,45.066,0.002,41.42,0.03,1506.3,110.8,10.2,0.67,18.0,7.32,0.06,-0.35,1544896626647132160,0.191827,240.5085,541.585
190.59734,19.78912,2614,279,54481,-22.9,45.099,0.002,42.3,0.02,4480.9,176.4,72.2,3.1,27.18,8.28,0.03,-1.28,2943179122601388032,0.1602625,778.7159,1177.4
190.65991,4.93792,846,119,52407,-22.7,45.035,0.004,42.32,0.03,6825.3,345.0,87.4,6.0,17.87,8.61,0.04,-1.68,952544072042571776,0.2334552,155.7205,1177.4
190.84929,5.24622,846,596,52407,-23.07,45.189,0.002,42.41,0.02,3693.9,232.3,77.8,3.1,29.46,8.16,0.05,-1.07,952675188804184064,0.1647449,703.1163,1177.4
190.92404,9.28532,1789,190,54259,-23.3,45.379,0.001,42.52,0.03,1978.8,402.1,59.9,3.8,33.13,7.71,0.18,-0.43,2014287231597963264,0.1923565,1144.884,1177.4
190.94144,6.57526,1790,217,53876,-22.43,45.042,0.006,42.11,0.05,10981.2,1482.7,54.6,7.0,15.27,9.03,0.12,-2.09,2015420546782619648,0.2401559,37.66515,476.2573
191.08318,40.86023,1985,429,53431,-22.69,45.157,0.004,41.67,0.1,3221.5,1333.3,15.6,3.9,16.85,8.02,0.36,-0.96,2235029295267342336,0.2493404,67.56476,653.7802
191.24509,17.54988,2601,271,54144,-22.91,45.177,0.003,42.31,0.01,3212.8,225.6,64.2,2.2,19.93,8.03,0.06,-0.95,2928540219135256576,0.2630214,259.4819,1177.4
191.34576,31.87208,1975,180,53734,-22.67,45.207,0.007,42.11,0.04,12722.7,903.4,36.5,3.3,21.68,9.24,0.06,-2.13,2223701856683583488,0.2404729,51.91676,1177.4
191.35986,7.73209,1790,472,53876,-22.72,45.151,0.006,41.81,0.1,9643.6,2711.6,21.4,5.4,15.68,8.97,0.24,-1.92,2015490640648890368,0.2815173,25.76958,383.9456
191.46266,3.35788,522,408,52024,-23.54,45.419,0.019,42.76,0.01,7625.9,290.0,95.7,5.9,34.65,8.9,0.03,-1.58,587831935514994688,0.226549,274.9844,1177.4
191.58711,18.35663,2601,378,54144,-22.82,45.056,0.005,42.17,0.06,3712.9,441.2,58.3,6.9,16.9,8.09,0.1,-1.14,2928569631071299584,0.2641678,195.9526,1177.4
191.79945,29.65291,2239,239,53726,-23.27,45.157,0.003,42.62,0.02,2885.8,226.9,125.2,4.7,29.22,7.93,0.07,-0.87,2520955649752328192,0.1934278,1505.347,1177.4
191.81377,67.82478,495,333,51988,-22.93,45.134,0.007,42.32,0.04,1885.5,1252.6,70.8,5.9,16.28,7.54,0.58,-0.51,557412021583243264,0.2736361,228.6028,1177.4
191.88229,45.0226,1373,434,53063,-22.87,45.183,0.005,42.29,0.03,6019.3,401.8,57.3,5.3,18.99,8.58,0.06,-1.49,1545979920495175680,0.213071,124.0855,523.2189
192.05762,36.40657,2022,553,53827,-22.45,45.033,0.004,42.11,0.03,10250.8,707.3,55.6,4.3,16.55,8.96,0.06,-2.03,2276721683324758016,0.2069422,72.75501,595.1913
192.13971,56.58541,1317,98,52765,-23.17,45.298,0.008,42.2,0.1,9285.2,3235.8,38.2,8.9,15.52,9.01,0.3,-1.81,1482837161735645184,0.2657985,46.20585,1007.72
192.56757,4.96252,847,558,52426,-22.94,45.246,0.005,42.3,0.06,3908.4,959.6,51.9,6.4,22.82,8.23,0.21,-1.09,953790643669329920,0.2331841,230.7752,1177.4
192.71269,6.15277,847,602,52426,-22.91,45.181,0.003,42.12,0.04,2158.8,137.6,39.1,3.1,20.58,7.69,0.06,-0.6,953802738297235456,0.1820049,635.4926,1177.4
192.75185,66.05745,495,207,51988,-24.43,45.877,0.001,42.95,0.01,1478.9,24.7,49.8,0.62,40.11,7.71,0.01,0.07,557377386966968320,0.2817113,1639.537,1177.4
192.92616,24.07647,2661,197,54505,-23.02,45.211,0.001,42.6,0.02,7013.1,201.9,106.5,4.0,28.92,8.72,0.03,-1.61,2996073878637275136,0.1883969,331.5082,685.7621
192.93208,32.69266,1987,82,53765,-23.36,45.308,0.007,42.64,0.03,3781.0,243.3,93.6,7.1,20.67,8.24,0.06,-1.03,2237185718050908160,0.2738303,388.1747,1177.4
193.08147,18.34335,2601,575,54144,-22.52,45.101,0.005,41.9,0.04,7674.9,767.3,29.7,3.0,20.59,8.75,0.09,-1.75,2928623782018967552,0.2014321,93.04583,1037.472
193.15062,14.03722,1770,58,53171,-23.66,45.577,0.002,42.65,0.04,3290.4,145.0,52.2,4.8,29.56,8.25,0.04,-0.77,1992858831230625792,0.2664749,457.1269,1177.4
193.19359,2.18839,522,28,52024,-22.37,45.064,0.004,41.88,0.03,3693.4,531.2,29.9,2.0,15.45,8.09,0.12,-1.13,587727481910355968,0.239459,141.4467,1177.4
193.36543,14.91556,1771,353,53498,-23.16,45.414,0.004,42.79,0.02,14684.9,263.3,104.6,4.3,29.42,9.47,0.02,-2.15,1994065825606166528,0.2522766,81.94311,1177.4
193.40714,21.43838,2649,215,54212,-23.62,45.464,0.004,42.78,0.01,5057.8,85.5,88.6,3.2,50.19,8.57,0.01,-1.2,2982568022641764352,0.1266571,2140.768,1177.4
193.43216,12.45597,1695,400,53473,-23.36,45.251,0.005,42.63,0.02,8516.3,179.5,74.7,5.6,27.38,8.91,0.02,-1.76,1908510351528323072,0.2067854,251.4464,1177.4
193.46281,6.64763,1792,124,54270,-22.68,45.041,0.006,42.42,0.03,12599.4,582.1,112.8,8.5,16.27,9.15,0.04,-2.21,2017646789561182208,0.256806,144.2618,660.3613
193.53825,25.92354,2661,550,54505,-22.49,45.127,0.004,42.18,0.02,3789.4,379.7,50.2,2.6,25.52,8.15,0.09,-1.12,2996170910538426368,0.1956688,280.6693,1177.4
193.96889,-2.89384,337,30,51997,-23.15,45.356,0.003,42.55,0.04,6171.1,217.3,68.6,6.0,20.8,8.69,0.03,-1.43,379436548447299584,0.2955231,126.67,1177.4
194.41388,8.15881,1794,331,54504,-23.94,45.564,0.002,42.24,0.12,3722.3,998.0,20.5,7.3,30.37,8.35,0.23,-0.89,2019955493027473408,0.2724296,725.9919,1177.4
194.53107,23.48933,2662,293,54505,-24.12,45.637,0.002,42.46,0.04,4578.7,871.9,29.9,2.6,33.65,8.57,0.17,-1.03,2997226166823184384,0.2583058,541.0374,1110.885
194.66898,56.05942,1318,242,52781,-22.87,45.198,0.004,42.2,0.02,4235.3,286.4,45.8,2.6,19.27,8.28,0.06,-1.18,1484002644329523200,0.2096186,268.3517,1177.4
194.76808,50.81458,1280,361,52738,-22.92,45.282,0.003,41.99,0.05,6217.3,1284.7,23.1,2.7,19.75,8.65,0.18,-1.47,1441251157619009536,0.2362584,156.9879,406.3103
194.78174,59.74718,957,520,52398,-22.58,45.015,0.006,42.12,0.03,3579.6,984.2,59.8,5.3,16.94,8.04,0.24,-1.13,1077629187591792640,0.2399261,118.7445,1177.4
194.81354,9.53444,1793,280,53883,-23.04,45.284,0.006,42.3,0.03,3883.0,363.6,46.6,3.9,19.86,8.25,0.08,-1.06,2018815563928725504,0.2743539,223.0222,1177.4
194.88953,-1.47594,338,579,51694,-23.32,45.364,0.002,42.11,0.03,2823.0,460.1,24.7,1.9,27.01,8.01,0.14,-0.75,380713351241558016,0.2657186,220.0962,1177.4
195.03333,3.93239,849,300,52439,-23.01,45.217,0.005,42.25,0.05,15733.5,2518.4,51.4,7.5,20.98,9.43,0.14,-2.31,955971525201127424,0.1839849,300.9669,654.0275
195.15091,13.78491,1771,100,53498,-22.67,45.033,0.004,42.13,0.05,1942.9,227.1,56.7,6.4,27.54,7.52,0.1,-0.59,1993996281495709696,0.1427399,1315.658,1177.4
195.22937,67.41791,495,515,51988,-22.65,45.055,0.004,42.21,0.03,3787.8,208.7,63.6,4.4,15.38,8.11,0.05,-1.16,557462049362307072,0.255159,212.8707,1177.4
195.26462,6.95326,1794,190,54504,-23.11,45.196,0.004,42.32,0.02,3529.6,263.9,57.3,2.7,21.92,8.12,0.06,-1.02,2019916735242594304,0.2318723,462.8033,1177.4
195.40193,24.35945,2662,172,54505,-22.49,45.089,0.005,42.34,0.03,2707.1,302.4,79.2,6.4,18.85,7.84,0.1,-0.85,2997192906596444160,0.2493957,312.7607,1177.4
195.57301,25.72062,2662,445,54505,-23.25,45.385,0.004,42.52,0.02,3597.3,451.5,59.6,4.1,24.45,8.23,0.11,-0.95,2997267948265039872,0.2745785,285.3338,1177.4
195.59633,14.10251,1771,107,53498,-24.45,45.87,0.002,43.1,0.01,1842.6,51.2,72.9,1.5,38.33,7.89,0.02,-0.12,1993998205641058304,0.2852145,1963.768,1177.4
195.60806,-1.08644,294,299,51986,-22.84,45.25,0.004,41.85,0.07,7229.1,2223.1,18.5,3.5,20.12,8.77,0.27,-1.62,331096794425485312,0.2346111,66.01272,477.7194
195.71049,11.30777,1696,244,53116,-23.15,45.345,0.002,42.42,0.02,1942.4,98.2,50.5,1.6,25.46,7.68,0.04,-0.43,1909593364492216320,0.2033559,1108.102,1177.4
195.89711,-0.82022,294,260,51986,-22.57,45.05,0.006,42.18,0.04,7081.5,352.0,61.5,6.0,17.75,8.65,0.04,-1.7,331086074187114496,0.2078367,131.7802,1177.4
196.07083,2.09364,524,165,52027,-23.45,45.394,0.002,42.2,0.11,1420.2,735.6,28.0,5.6,28.8,7.43,0.45,-0.13,590016940047624192,0.2284263,764.2011,1177.4
196.08885,17.31855,2603,200,54479,-22.56,44.962,0.004,42.19,0.03,5060.4,209.1,74.6,5.0,21.75,8.32,0.04,-1.45,2930772508237916160,0.1901163,269.8766,1177.4
196.09105,56.13811,1318,42,52781,-23.49,45.418,0.021,42.76,0.1,2766.9,202.3,96.0,18.0,23.98,8.02,0.06,-0.7,1483947668748134400,0.2985226,473.7039,1177.4
196.09535,20.91953,2650,207,54505,-22.61,45.101,0.005,42.45,0.03,5278.4,348.5,101.3,8.4,15.77,8.42,0.06,-1.42,2983691728441075712,0.2825699,152.3747,1177.4
196.13763,3.29984,524,531,52027,-22.38,45.016,0.005,42.17,0.02,2610.4,114.3,65.5,4.3,19.68,7.77,0.04,-0.85,590117545361565696,0.1853426,384.5011,1177.4
196.16957,38.60146,2018,534,53800,-22.56,44.854,0.004,42.11,0.02,5758.5,174.1,80.7,3.2,17.47,8.37,0.03,-1.62,2272212860564170752,0.2129434,203.2156,1177.4
196.21654,11.1335,1696,220,53116,-22.49,44.902,0.004,42.23,0.02,6194.9,288.1,99.8,4.3,19.59,8.46,0.04,-1.66,1909586767422449664,0.1691393,208.9556,1177.4
196.23715,13.47949,1696,445,53116,-23.25,45.321,0.007,42.15,0.04,2244.9,331.5,29.4,2.9,18.63,7.79,0.13,-0.57,1909648614951512064,0.2983111,216.2386,1177.4
196.2596,28.10027,2242,454,54153,-22.62,45.15,0.004,42.21,0.03,8844.9,637.2,53.3,4.8,18.73,8.89,0.06,-1.85,2524392455386720256,0.2761594,79.36034,748.3611
196.32014,26.21779,2242,253,54153,-22.58,45.118,0.003,42.09,0.03,2728.5,453.9,41.9,3.7,23.74,7.86,0.14,-0.84,2524337204927424512,0.1830579,589.2766,1177.4
196.35408,57.89919,1318,620,52781,-23.04,45.31,0.004,42.08,0.05,5609.5,1352.2,27.4,3.8,17.44,8.58,0.21,-1.37,1484106548178348032,0.2779047,89.90127,737.3558
196.3773,5.6643,849,590,52439,-22.86,45.196,0.002,42.27,0.02,6124.5,395.9,52.0,3.1,19.79,8.6,0.06,-1.5,956051239794141184,0.2001507,254.5732,836.2954
196.39371,18.3258,2603,443,54479,-22.77,45.056,0.002,42.26,0.02,4633.0,105.2,73.9,2.7,42.88,8.29,0.02,-1.33,2930839303569303552,0.1182318,1080.492,821.7822
196.46049,-1.3921,339,457,51692,-22.66,45.088,0.007,41.98,0.04,6933.4,2217.9,35.4,4.4,16.2,8.65,0.28,-1.67,381805716010199040,0.2500602,65.61485,189.9683
196.46461,46.08963,1459,225,53117,-22.53,45.046,0.006,42.29,0.02,5090.8,326.9,78.9,5.1,17.56,8.36,0.06,-1.42,1642749863907059712,0.2251981,141.1624,1177.4
196.57736,8.87818,1796,283,53884,-22.64,45.076,0.003,42.22,0.01,3192.2,95.6,61.2,2.4,22.96,7.97,0.03,-1.0,2022194088299751424,0.1716289,689.6315,1177.4
196.78653,34.40607,2006,618,53476,-23.69,45.554,0.001,42.73,0.02,3347.1,600.7,65.5,2.7,36.06,8.25,0.16,-0.8,2258725145990424576,0.1863378,1308.8,1177.4
196.80522,-0.60046,294,194,51986,-22.82,44.973,0.005,42.3,0.03,2350.9,189.0,95.5,6.1,19.9,7.66,0.07,-0.78,331067932245256192,0.1701931,1226.009,1177.4
196.87508,9.3681,1796,199,53884,-23.42,45.45,0.003,42.71,0.02,7132.3,432.6,77.8,6.0,30.27,8.86,0.05,-1.51,2022170998555568128,0.2568817,231.5889,1177.4
196.96941,60.43016,958,415,52410,-23.25,45.347,0.003,42.49,0.03,7660.5,258.2,60.9,4.3,22.21,8.87,0.03,-1.62,1078726225519732736,0.2549202,205.4912,1177.4
196.98573,1.11934,294,528,51986,-24.18,45.672,0.002,43.01,0.02,4799.4,489.0,98.2,4.9,35.73,8.62,0.09,-1.05,331159741466175488,0.2754462,556.1118,1177.4
197.07875,3.74367,850,248,52338,-23.93,45.55,0.016,42.94,0.02,2893.7,90.6,108.6,6.1,35.93,8.12,0.03,-0.68,957083129762310144,0.2273587,1162.181,1177.4
197.08409,27.71761,2242,588,54153,-22.67,45.145,0.004,41.96,0.07,4857.7,573.7,32.3,5.9,19.76,8.37,0.1,-1.33,2524429289026250752,0.237003,126.2934,1177.4
197.15657,4.54377,850,234,52338,-23.18,45.278,0.005,42.52,0.02,3559.0,156.9,81.1,5.2,20.42,8.17,0.04,-0.99,957079281471612928,0.2957134,245.6323,1177.4
197.18277,19.07772,2617,143,54502,-23.67,45.594,0.001,42.82,0.05,1799.6,403.5,71.9,6.4,46.47,7.73,0.19,-0.24,2946519439278893056,0.2217153,1593.179,1177.4
197.31,34.75292,2016,86,53799,-22.99,45.169,0.006,42.46,0.02,3201.2,197.7,87.5,5.0,19.25,8.02,0.05,-0.95,2269837915431397376,0.1946741,645.0529,1177.4
197.35675,12.72747,1696,549,53116,-22.73,45.134,0.003,42.28,0.02,2226.6,199.5,62.2,2.9,18.76,7.69,0.08,-0.66,1909677202253834240,0.2204827,475.9464,1177.4
197.36531,3.38105,525,329,52295,-22.61,44.99,0.011,42.27,0.03,8903.4,351.0,86.9,8.8,15.88,8.82,0.03,-1.93,591187924427499520,0.2657584,46.96118,1177.4
197.44583,8.33006,1795,457,54507,-24.48,45.762,0.001,43.16,0.0,4387.9,251.5,106.5,1.6,49.37,8.59,0.05,-0.93,2021116027600922624,0.153836,4630.266,1177.4
197.53333,63.68432,602,91,52072,-22.68,45.104,0.002,41.9,0.05,1491.2,787.0,28.0,3.3,22.08,7.33,0.46,-0.32,677816792571209728,0.1925539,408.8541,767.6327
197.82724,46.58397,1461,358,53062,-22.81,45.288,0.003,41.84,0.16,4090.5,7686.4,16.6,4.7,17.77,8.29,1.63,-1.11,1645038221559621632,0.2715686,97.5112,446.8159
197.89859,14.41311,1772,77,53089,-22.5,45.036,0.003,42.32,0.04,1960.3,319.0,85.4,7.9,35.49,7.53,0.14,-0.59,1995115852348811264,0.1139307,3027.972,1177.4
197.93417,20.01997,2618,416,54506,-23.4,45.362,0.003,42.73,0.01,5359.7,161.9,101.2,3.4,28.96,8.57,0.03,-1.3,2947720380921440256,0.2926029,317.0081,1177.4
197.98416,60.33945,958,525,52410,-23.32,45.368,0.003,42.21,0.02,3870.9,227.9,30.9,1.6,21.33,8.29,0.05,-1.02,1078756462089496576,0.2826634,170.9032,1177.4
198.01962,6.68544,1795,106,54507,-24.79,45.945,0.002,43.24,0.01,7459.5,94.1,83.3,3.0,55.84,9.14,0.01,-1.3,2021019545455585280,0.2418267,655.4658,1177.4
198.07396,35.25585,2016,61,53799,-24.67,46.052,0.001,43.18,0.01,4743.1,130.6,59.3,1.4,46.83,8.8,0.02,-0.85,2269831043483723776,0.1829528,1984.522,1177.4
198.09209,29.62994,2009,546,53904,-22.78,45.18,0.005,42.46,0.03,4487.7,210.9,84.6,7.0,20.13,8.32,0.04,-1.24,2262083061682300928,0.2466348,244.6292,1177.4
198.11266,41.1058,1460,197,53138,-22.74,45.173,0.005,42.15,0.05,4132.8,451.2,43.2,5.3,15.19,8.25,0.09,-1.17,1643868067584829440,0.2694953,139.8595,1177.4
198.21835,50.27443,1281,569,52753,-22.81,45.121,0.004,42.39,0.02,12521.9,1016.5,85.0,5.0,16.4,9.18,0.07,-2.16,1442434232382154752,0.2491418,99.44942,734.6262
198.28564,16.3569,2604,232,54484,-22.49,44.943,0.005,42.22,0.08,1647.6,1359.9,85.1,15.0,17.53,7.33,0.72,-0.49,2931907204321667072,0.2082254,504.2233,1177.4
198.30054,28.79167,2009,70,53904,-22.7,45.097,0.006,42.18,0.03,4133.5,255.4,55.3,4.0,16.56,8.21,0.05,-1.21,2261952219798595584,0.2588019,171.1441,1177.4
198.36449,-2.54247,340,174,51990,-22.33,45.047,0.003,41.8,0.03,8240.8,715.6,26.2,1.8,22.67,8.78,0.08,-1.84,382853830468986880,0.1742078,102.635,1177.4
198.52074,15.51505,1773,333,53112,-22.83,45.217,0.011,42.41,0.04,3821.3,128.4,67.1,6.0,34.71,8.2,0.03,-1.08,1996312121385707520,0.1649692,929.8559,1177.4
198.52678,31.97909,2093,123,53818,-22.53,45.025,0.004,42.03,0.02,5905.6,251.2,46.2,2.4,21.86,8.48,0.04,-1.56,2356542379059603456,0.176481,248.2047,1177.4
198.78593,43.19787,1375,87,53084,-22.56,45.061,0.008,42.44,0.01,2019.1,62.4,103.2,3.8,18.14,7.57,0.03,-0.61,1548136338027472896,0.1966696,973.7367,1177.4
198.89946,13.8157,1773,211,53112,-22.49,45.019,0.002,41.81,0.02,1400.1,83.9,27.5,1.5,20.16,7.23,0.05,-0.31,1996278586281060352,0.1967043,393.8115,720.9683
198.90735,60.75173,784,253,52327,-22.57,45.038,0.005,42.16,0.05,5127.9,502.9,60.5,6.7,16.11,8.37,0.09,-1.43,882775110115682304,0.2512348,135.408,1177.4
198.95998,23.07459,2651,448,54507,-22.62,45.094,0.005,41.89,0.06,7662.7,1531.5,29.6,4.4,15.06,8.74,0.17,-1.75,2984883873957046272,0.2577475,41.14272,584.0079
199.24026,64.30289,602,22,52072,-22.9,45.177,0.005,42.3,0.05,6772.9,709.8,61.3,6.3,18.68,8.68,0.09,-1.6,677797825995630592,0.2730165,113.0889,1177.4
199.2771,6.4899,1797,139,54507,-23.13,45.195,0.006,42.36,0.03,8887.2,2296.9,69.6,4.8,20.49,8.92,0.22,-1.83,2023280416240199680,0.1993042,205.9592,504.0516
199.35562,17.10869,2604,598,54484,-22.31,44.949,0.004,41.89,0.03,8445.4,884.8,41.0,2.8,18.51,8.75,0.09,-1.91,2932007809635608576,0.1927217,113.8943,1177.4
199.40804,10.4077,1798,410,53851,-22.82,45.243,0.004,42.05,0.06,6537.1,776.2,29.9,3.7,20.81,8.68,0.1,-1.54,2024480797053970432,0.2800465,48.78432,623.6185
199.45967,60.17801,958,606,52410,-22.33,44.999,0.003,41.66,0.03,3751.9,299.1,21.4,1.8,27.67,8.07,0.07,-1.18,1078778727199959040,0.1371693,333.0728,588.9384
199.63397,34.89381,2023,192,53851,-23.03,45.157,0.002,42.32,0.02,3372.5,238.8,62.9,3.2,23.66,8.06,0.06,-1.0,2277748352709847040,0.2158535,539.6846,1177.4
199.6964,9.79445,1798,559,53851,-22.93,45.28,0.006,42.05,0.04,7971.9,511.8,26.1,2.9,23.89,8.87,0.06,-1.69,2024521753862105088,0.2746552,86.26176,1177.4
199.78262,27.3078,2243,585,53794,-22.78,45.129,0.006,42.23,0.02,7106.0,853.4,57.5,4.0,17.59,8.69,0.1,-1.67,2525554358276352000,0.284118,54.28283,1177.4
199.89888,2.37314,526,431,52312,-22.73,45.157,0.002,42.04,0.04,1438.7,236.9,34.7,3.6,20.35,7.32,0.14,-0.26,592341862166063104,0.2619666,287.547,788.1648
199.97148,3.55999,526,410,52312,-22.34,45.017,0.004,41.79,0.1,4653.7,780.2,28.1,6.3,16.72,8.27,0.15,-1.35,592336089730017280,0.2089116,60.35434,397.1622
200.20163,3.04457,526,457,52312,-23.86,45.5,0.007,42.71,0.03,4050.2,202.5,70.2,5.1,31.08,8.39,0.04,-0.99,592349008991643648,0.2969392,478.4542,1177.4
200.25348,45.68458,1461,15,53062,-22.95,45.178,0.004,42.34,0.02,5281.6,419.8,65.9,3.6,16.47,8.46,0.07,-1.38,1644943938437539840,0.297337,103.6456,1177.4
200.34753,4.99187,852,349,52375,-23.74,45.553,0.002,42.69,0.03,4146.0,112.9,62.0,4.1,30.71,8.44,0.02,-0.99,959362692865353728,0.2424925,524.1245,1177.4
200.43738,3.51548,526,537,52312,-24.76,45.79,0.0,43.09,0.01,4727.9,146.2,85.0,1.7,45.67,8.67,0.03,-0.98,592370999224199168,0.2688896,1217.897,1177.4
200.45027,54.13625,1041,440,52724,-23.05,45.238,0.008,42.48,0.06,5812.9,223.1,76.0,13.0,18.74,8.57,0.03,-1.44,1172182795003389952,0.2917909,178.4646,1177.4
200.49541,52.74477,1041,285,52724,-22.94,45.182,0.005,42.41,0.03,2734.5,179.0,75.5,6.6,17.87,7.89,0.06,-0.81,1172140188927813632,0.2799852,334.2975,1177.4
200.50446,51.71045,1667,543,53430,-22.65,45.127,0.005,42.18,0.04,14564.2,1560.4,57.6,6.8,16.84,9.32,0.09,-2.29,1877024460956002304,0.2508286,15.71955,701.8312
200.64273,63.23564,603,260,52056,-22.67,45.147,0.004,42.1,0.04,4341.4,334.7,41.4,4.3,19.32,8.28,0.07,-1.23,678989146575890432,0.2183968,190.2026,1177.4
200.9205,42.90492,1376,94,53089,-22.7,45.062,0.003,41.62,0.04,5592.2,1000.1,17.1,1.6,17.89,8.45,0.16,-1.49,1549264162163550208,0.177022,116.7309,531.8083
200.9698,-2.01716,341,600,51690,-22.84,45.186,0.006,42.12,0.03,1931.3,219.0,38.6,3.3,23.92,7.59,0.1,-0.51,384096823331022848,0.2229706,485.5947,1177.4
201.07607,58.81992,959,192,52411,-22.69,45.054,0.006,42.31,0.03,6930.6,424.9,82.9,6.6,20.06,8.64,0.05,-1.68,1079790827670104064,0.1921499,199.6283,833.6886
201.49541,-3.51389,910,259,52377,-22.4,45.056,0.003,41.96,0.06,5971.2,637.7,36.9,5.7,18.81,8.51,0.09,-1.55,1024640148484155392,0.1854109,159.8737,1177.4
201.68176,1.86925,527,229,52342,-22.47,45.002,0.001,42.46,0.01,2989.7,82.9,126.0,4.0,19.16,7.88,0.02,-0.98,593412237239019520,0.1967719,598.4462,1177.4
201.73091,12.78296,1699,331,53148,-22.46,45.171,0.005,42.11,0.03,4224.0,525.2,38.7,3.9,19.01,8.26,0.11,-1.19,1912994979127519232,0.2017202,287.0493,1177.4
202.08502,24.15762,2664,39,54524,-23.31,45.498,0.008,42.71,0.06,1812.0,663.7,69.8,8.5,31.39,7.69,0.32,-0.29,2999408147967272960,0.2226322,1267.704,1177.4
202.08597,31.25702,2110,440,53467,-23.08,45.132,0.022,42.53,0.02,9181.4,467.9,112.7,6.1,21.72,8.92,0.05,-1.89,2375769807883626496,0.2396989,128.4532,1177.4
202.13576,-2.55595,910,167,52377,-22.55,45.051,0.002,41.85,0.04,11553.9,2295.6,31.2,3.4,19.97,9.08,0.17,-2.13,1024614859716716544,0.1839719,65.9139,633.4653
202.38034,7.48587,1801,358,54156,-22.69,45.246,0.005,42.27,0.04,5078.4,1384.6,50.2,5.0,22.47,8.46,0.24,-1.32,2027844208240388096,0.2775687,128.327,782.5838
202.39761,22.26957,2653,372,54230,-22.82,45.158,0.006,42.27,0.03,3591.8,216.7,58.7,4.8,18.67,8.12,0.05,-1.06,2987114778402514944,0.2904827,170.442,1177.4
202.47862,18.34492,2641,284,54230,-22.83,45.298,0.004,42.11,0.03,8583.9,730.7,29.1,2.3,28.86,8.94,0.07,-1.75,2973579790264592384,0.1882003,153.3029,473.3097
202.55186,18.43524,2641,269,54230,-22.57,45.022,0.008,42.19,0.04,4150.9,567.5,67.3,7.3,15.92,8.17,0.12,-1.25,2973575667095988224,0.2595482,143.6215,1177.4
202.81516,14.98049,1774,602,53759,-22.42,45.065,0.003,42.35,0.02,3864.3,302.3,84.9,4.2,20.38,8.13,0.07,-1.17,1997511974304376832,0.231364,266.3202,1177.4
202.96628,5.06267,852,625,52375,-22.45,44.881,0.005,42.1,0.02,7477.5,461.5,76.7,4.8,17.76,8.61,0.05,-1.83,959438559167670272,0.1739949,100.2148,370.2148
203.17159,30.0185,2110,43,53467,-22.35,45.103,0.004,42.12,0.04,5882.8,375.4,47.9,4.2,16.05,8.52,0.06,-1.51,2375660681354569728,0.2203435,110.4959,1177.4
203.22195,2.01269,527,33,52342,-22.7,45.163,0.004,42.08,0.06,6166.0,830.1,39.3,5.9,15.97,8.59,0.12,-1.53,593358361169258496,0.2158184,90.17809,705.9321
203.37274,15.76389,2606,44,54154,-22.72,45.142,0.006,42.58,0.02,10086.8,517.5,123.3,7.7,19.93,9.01,0.04,-1.96,2934107321552365568,0.2461739,117.0851,996.5603
203.43948,41.69104,1464,415,53091,-23.13,45.152,0.008,42.44,0.1,4403.8,362.1,85.1,18.0,20.44,8.29,0.07,-1.24,1648431589807384576,0.2252122,359.2988,1177.4
203.59711,43.72549,1344,487,52792,-22.67,45.247,0.003,42.4,0.06,2708.1,212.9,61.7,6.9,17.19,7.92,0.07,-0.77,1513343387179182080,0.2250107,403.0176,1177.4
203.63452,30.27863,2110,14,53467,-22.52,45.116,0.003,41.81,0.04,3773.8,831.5,22.7,2.3,16.03,8.14,0.19,-1.12,2375652709895268352,0.2226619,98.33443,1177.4
203.63478,17.19639,2606,581,54154,-24.15,45.693,0.004,43.01,0.01,9298.7,156.4,88.3,3.3,36.86,9.21,0.01,-1.62,2934254930988394496,0.2645762,292.094,1177.4
203.6385,-1.64038,912,339,52427,-23.03,45.269,0.01,42.32,0.05,19717.1,2731.6,51.9,7.4,16.21,9.65,0.12,-2.48,1026913939369256960,0.2922319,31.13124,441.8988
203.63991,60.14584,785,46,52339,-22.93,45.162,0.005,42.29,0.04,4034.5,339.5,59.6,4.8,16.46,8.22,0.07,-1.16,883844110497114112,0.2926344,200.5956,1177.4
203.71016,1.03857,298,577,51955,-22.73,45.147,0.004,41.61,0.07,2132.9,884.1,13.6,2.1,17.7,7.66,0.36,-0.61,335676809590892544,0.2455795,159.3883,1177.4
203.76099,9.72354,1802,192,53885,-22.28,44.953,0.002,41.85,0.13,2331.7,941.9,35.0,10.0,17.25,7.64,0.35,-0.79,2028924473868052480,0.1909368,529.3924,869.0842
203.77716,34.20953,1993,142,53762,-23.14,45.474,0.007,42.61,0.03,6515.6,121.2,61.4,6.0,33.22,8.79,0.02,-1.42,2243957610116048896,0.2207066,206.4684,1177.4
204.05125,9.79634,1802,491,53885,-22.57,45.152,0.004,41.99,0.03,6555.9,386.7,32.4,2.4,18.8,8.64,0.05,-1.58,2029006662362228736,0.2478844,49.07101,673.1172
204.20462,-0.34926,298,103,51955,-23.33,45.272,0.005,42.57,0.02,7272.0,420.5,88.0,5.0,20.9,8.79,0.05,-1.61,335546517463001088,0.2960864,159.7934,1177.4
204.31633,3.16016,528,522,52022,-22.31,45.039,0.003,41.63,0.07,9641.7,2412.7,18.6,3.1,20.55,8.91,0.22,-1.98,594618671003887616,0.1922287,82.83208,282.1371
204.48091,41.1501,1464,550,53091,-22.5,45.136,0.004,42.18,0.04,4705.6,203.7,49.2,4.9,19.87,8.34,0.04,-1.3,1648468698324822016,0.230995,154.1145,1177.4
204.61119,17.0767,2607,477,54184,-22.99,45.327,0.002,42.37,0.03,2200.0,249.3,48.8,2.7,33.25,7.78,0.1,-0.55,2935352244096231424,0.2086255,695.1603,1177.4
204.86597,66.48358,497,437,51989,-22.63,45.012,0.003,42.13,0.03,5069.9,154.5,59.6,4.8,29.08,8.34,0.03,-1.43,559692408716027904,0.1361378,503.2493,747.9382
204.87083,52.4565,1042,132,52725,-23.3,45.272,0.003,42.04,0.15,3787.5,1183.1,25.7,14.0,18.84,8.22,0.27,-1.05,1173224032531671040,0.2690201,621.0911,1177.4
204.95996,15.99116,2607,178,54184,-22.99,45.321,0.012,42.66,0.02,12925.9,349.4,99.2,5.1,25.39,9.31,0.02,-2.09,2935270055602055168,0.2763289,155.4419,680.2473
204.96448,50.18362,1669,240,53433,-22.5,45.171,0.003,41.95,0.05,2551.5,268.8,27.5,3.2,18.72,7.83,0.09,-0.76,1879192972814215168,0.2349069,183.8473,688.0023
204.96996,12.30465,1700,546,53502,-22.96,45.301,0.003,42.31,0.04,4385.9,516.8,46.5,4.9,19.63,8.36,0.1,-1.16,1914179983723489280,0.2733904,156.1231,1177.4
205.01251,36.50442,2101,118,53858,-22.77,45.206,0.004,42.16,0.04,6605.7,276.5,41.9,4.5,20.92,8.67,0.04,-1.56,2365548204595898368,0.2842707,81.6624,1177.4
205.13341,5.36627,854,335,52373,-23.24,45.4,0.004,42.6,0.02,6184.9,404.9,67.6,5.3,29.49,8.71,0.06,-1.41,961610644354787328,0.2745452,239.9653,1177.4
205.14717,55.82548,1322,389,52791,-22.81,45.203,0.004,42.16,0.03,6089.2,478.2,40.6,3.0,17.56,8.6,0.07,-1.49,1488546651176986624,0.2466999,128.5294,656.7194
205.30804,-0.88751,299,133,51671,-23.6,45.313,0.01,42.74,0.07,2127.8,494.7,121.9,28.0,36.62,7.74,0.2,-0.53,336680658942322688,0.2374521,1711.321,1177.4
205.52737,5.08997,854,398,52373,-23.94,45.605,0.001,42.76,0.07,1679.3,714.0,62.9,8.1,36.17,7.68,0.37,-0.17,961627961662924800,0.2657104,1265.397,1177.4
205.56741,1.92186,529,195,52025,-22.81,45.187,0.005,41.89,0.07,3204.3,172.1,23.0,3.9,16.8,8.03,0.05,-0.95,595654685885491200,0.2727271,110.332,493.8071
205.80275,47.23168,1284,230,52736,-23.26,45.282,0.01,42.25,0.08,1598.2,847.2,41.2,7.1,17.08,7.48,0.46,-0.29,1445718748207015936,0.267134,385.2041,1177.4
205.86363,8.37615,1804,238,53886,-23.04,45.391,0.005,42.4,0.04,7731.7,537.5,46.5,4.7,25.24,8.9,0.06,-1.61,2031188918082234368,0.2424477,157.8835,991.7527
205.87457,28.05593,2017,180,53474,-22.49,45.003,0.004,42.02,0.04,3790.9,499.5,47.7,4.4,16.05,8.09,0.11,-1.18,2270989648408897536,0.2275464,210.1016,1177.4
205.95883,28.03497,2017,168,53474,-22.47,45.03,0.006,42.15,0.04,6022.3,261.8,59.6,5.6,18.21,8.5,0.04,-1.57,2270986349874014208,0.2114582,172.4877,513.3046
205.96996,1.00264,299,580,51671,-22.82,45.29,0.005,42.29,0.04,7863.0,1357.3,45.0,4.4,21.1,8.86,0.15,-1.67,336803529366726656,0.2550515,72.71386,374.1746
205.98643,25.64658,2246,66,53767,-22.28,44.931,0.001,42.07,0.03,3261.8,252.6,59.2,3.4,45.55,7.92,0.07,-1.09,2528789395910191104,0.0863796,2033.969,1177.4
206.0255,39.47152,1377,206,53050,-23.15,45.241,0.003,42.13,0.08,2509.2,506.2,34.7,5.3,18.99,7.85,0.18,-0.71,1550420847741659136,0.2667046,358.2425,1177.4
206.08698,66.62155,497,466,51989,-23.1,45.472,0.002,42.45,0.01,2811.2,99.9,40.8,1.6,43.62,8.06,0.03,-0.69,559700380175329280,0.1277341,2236.087,1177.4
206.21919,-1.24786,913,407,52433,-22.53,45.005,0.005,41.92,0.05,7272.4,2015.0,38.9,4.9,19.01,8.65,0.24,-1.75,1028058531074435072,0.1779683,102.1598,393.0479
206.2477,-0.26654,300,272,51943,-23.38,45.242,0.008,42.5,0.04,2389.8,132.7,79.6,10.0,22.11,7.8,0.05,-0.66,337844771441633280,0.2447907,993.4495,1177.4
206.40755,63.52516,604,494,52079,-22.37,44.998,0.004,42.16,0.04,1676.3,342.4,62.1,5.9,18.62,7.37,0.18,-0.48,680179368298833920,0.175201,923.1448,1177.4
206.4521,11.74543,1701,200,53142,-22.57,45.123,0.002,42.33,0.01,3695.5,293.0,70.4,2.2,34.01,8.12,0.07,-1.1,1915210769834731520,0.1263564,1036.224,1177.4
206.56621,58.00226,1158,359,52668,-22.56,45.116,0.003,41.88,0.05,7201.9,1081.4,28.1,3.3,24.7,8.7,0.13,-1.68,1303890818053990400,0.1626487,261.0046,1177.4
206.5731,62.34597,604,90,52079,-22.53,44.818,0.004,42.03,0.01,7649.3,193.9,76.6,3.2,27.77,8.6,0.02,-1.89,680068317624428544,0.1161843,522.8646,1177.4
206.62306,10.87406,1701,131,53142,-23.54,45.425,0.003,42.38,0.02,5578.3,271.8,40.7,2.3,22.18,8.63,0.04,-1.31,1915191803259152384,0.2909273,148.6421,1177.4
206.64572,31.35939,2024,237,53503,-22.66,45.144,0.006,41.97,0.05,2049.4,203.9,30.3,3.8,17.64,7.62,0.09,-0.58,2278886616284030976,0.2464555,299.1662,1177.4
206.66679,-3.00365,913,132,52433,-22.43,45.124,0.002,41.99,0.1,1606.1,690.2,32.7,5.8,18.75,7.4,0.37,-0.38,1027982939650025472,0.2230707,313.4665,1177.4
206.69362,31.26575,2024,225,53503,-22.41,45.071,0.005,41.99,0.05,7077.9,687.8,39.0,4.6,16.27,8.66,0.08,-1.69,2278883317749147648,0.2318997,39.36084,1177.4
206.77046,14.69379,1776,612,53858,-22.86,45.316,0.001,41.97,0.02,1845.5,59.3,19.8,1.4,45.73,7.62,0.03,-0.4,1999766524558075904,0.1341881,1311.827,1177.4
206.88786,13.66708,1776,28,53858,-23.57,45.34,0.005,42.46,0.02,8417.1,207.1,58.6,3.6,25.81,8.95,0.02,-1.71,1999605995860420608,0.2828774,125.221,879.0079
206.90607,30.21452,2094,630,53851,-22.94,45.16,0.007,42.51,0.01,6555.2,122.2,95.7,3.0,41.61,8.64,0.02,-1.58,2357807642618914816,0.1175316,1342.066,1177.4
206.95029,40.77574,1377,514,53050,-23.11,45.257,0.004,42.23,0.06,5208.2,415.1,43.5,5.4,19.69,8.49,0.07,-1.33,1550505510136997888,0.2707613,91.76868,1177.4
206.95824,40.76028,1377,554,53050,-22.43,44.87,0.004,41.97,0.03,3732.6,494.4,58.7,4.3,19.52,8.01,0.12,-1.24,1550516505253275648,0.1604147,493.3671,1177.4
206.9706,10.09219,1804,633,53886,-22.82,45.209,0.004,41.98,0.09,1884.9,1186.3,26.0,4.9,17.71,7.58,0.55,-0.47,2031297494855477248,0.2801969,135.7899,1177.4
207.017,60.52518,786,150,52319,-23.14,45.226,0.002,42.39,0.02,2115.0,266.2,62.6,3.2,24.96,7.69,0.11,-0.56,884998597370734592,0.2376035,687.257,1177.4
207.08755,50.06027,1669,63,53433,-23.53,45.381,0.002,42.47,0.07,1438.8,691.4,53.4,7.1,22.39,7.43,0.42,-0.15,1879144319424686080,0.2932138,719.9677,1177.4
207.08974,38.56363,2014,440,53460,-22.59,45.031,0.004,42.18,0.1,1407.6,516.9,62.6,9.8,16.72,7.24,0.32,-0.31,2267683416709294080,0.2473611,574.8809,1146.114
207.09299,24.94727,2115,265,53535,-23.27,45.369,0.004,42.51,0.02,4834.3,232.5,60.3,3.6,23.73,8.48,0.04,-1.21,2381351204924975104,0.2934271,183.9163,1177.4
207.11195,-0.99553,300,206,51943,-22.57,45.117,0.005,42.22,0.05,5518.0,379.1,61.1,6.8,19.33,8.47,0.06,-1.45,337826629499774976,0.2341849,114.511,1177.4
207.36906,3.98487,855,251,52375,-22.46,45.071,0.006,42.27,0.04,7371.3,454.3,74.3,6.6,17.13,8.7,0.05,-1.73,962713454551001088,0.2534572,55.67508,1177.4
207.40871,3.59552,855,250,52375,-22.41,45.114,0.004,41.81,0.04,3463.5,393.3,23.2,2.7,17.77,8.06,0.1,-1.05,962713179673094144,0.2024562,112.2265,1177.4
207.44894,4.86781,854,621,52373,-22.48,45.074,0.003,42.16,0.02,2892.4,300.9,56.1,3.5,21.63,7.89,0.09,-0.91,961689259436173312,0.1867498,341.4805,1177.4
207.53564,23.52947,2783,397,54524,-23.27,45.392,0.005,42.41,0.02,11098.1,776.5,47.9,2.5,31.5,9.21,0.06,-1.92,3133488643172231168,0.2706638,82.67503,1177.4
207.55103,18.21636,2755,65,54507,-22.88,45.194,0.007,42.51,0.01,10247.0,723.9,95.5,4.2,20.24,9.04,0.06,-1.95,3101872186030319616,0.2155004,156.4176,1177.4
207.72105,25.39171,2115,556,53535,-23.32,45.33,0.004,42.32,0.02,4418.5,454.9,43.7,1.9,24.04,8.38,0.09,-1.15,2381431194395895808,0.2988524,146.7687,1177.4
207.7793,65.52428,497,44,51989,-22.93,45.2,0.001,42.57,0.02,6398.9,3786.5,103.1,5.8,16.41,8.64,0.51,-1.54,559584381698598912,0.2987612,130.8399,1177.4
207.89856,13.95609,1778,350,53883,-22.54,45.018,0.006,41.97,0.04,3155.7,310.4,40.4,4.0,15.51,7.93,0.09,-1.02,2001946306779572224,0.2591701,173.6967,1177.4
208.02585,3.17364,530,575,52026,-22.94,45.023,0.005,42.47,0.01,7456.3,259.8,126.0,4.1,19.03,8.68,0.03,-1.76,596885039413749760,0.2426316,219.4765,441.1365
208.13672,12.72259,1778,283,53883,-23.05,45.194,0.005,42.24,0.03,8549.2,608.5,51.6,3.5,21.05,8.89,0.06,-1.79,2001927889959806976,0.2384233,99.04922,835.9048
208.35884,36.34707,2033,512,53476,-25.3,46.039,0.001,43.42,0.02,2926.2,259.8,101.9,3.8,44.27,8.38,0.08,-0.44,2289095306417039360,0.2848447,3167.782,1177.4
208.44586,35.72405,2033,57,53476,-22.76,45.05,0.003,42.28,0.04,3600.4,185.1,75.0,7.0,17.52,8.06,0.04,-1.11,2288970236969379840,0.1894373,569.4219,1177.4
208.60869,14.69763,1777,612,53857,-22.63,45.135,0.006,42.26,0.04,4003.7,308.4,57.7,6.9,19.59,8.2,0.07,-1.16,2000892424448141312,0.2141182,299.8891,1177.4
208.6487,18.08819,2756,228,54508,-23.5,45.404,0.065,43.06,0.02,4651.7,275.6,193.4,35.0,27.5,8.46,0.06,-1.16,3103042891052771328,0.1514729,2094.599,1177.4
208.69939,42.11152,1346,278,52822,-22.7,45.027,0.006,42.29,0.02,5741.0,406.6,83.5,4.8,16.56,8.46,0.06,-1.53,1515537738013632512,0.2318444,245.0868,1177.4
208.81184,29.92454,2116,520,53854,-22.74,45.203,0.006,41.83,0.09,1888.7,252.1,19.2,5.5,16.81,7.58,0.12,-0.48,2382547204050020352,0.2972019,150.8058,599.7343
208.95918,20.7707,2770,433,54510,-24.78,45.882,0.001,43.12,0.02,2637.2,323.3,77.3,3.2,56.97,8.21,0.11,-0.43,3118861839753046016,0.1965366,4131.215,1177.4
209.10649,25.2566,2119,479,53792,-23.95,45.498,0.002,42.94,0.01,3370.4,75.9,121.2,2.7,41.3,8.23,0.02,-0.83,2385913632736176128,0.1637161,2766.563,1177.4
209.23982,8.05241,1807,282,54175,-22.84,45.316,0.003,42.39,0.07,2756.0,1026.7,51.1,8.7,24.13,7.97,0.32,-0.75,2034578717279283200,0.2788069,360.7906,1177.4
209.30255,17.07892,2743,576,54259,-22.56,45.136,0.006,42.44,0.02,4850.0,139.2,88.7,4.6,33.13,8.37,0.03,-1.33,3088501845597906944,0.1502831,531.9232,1177.4
209.50679,11.89218,1702,597,53144,-22.69,45.057,0.009,42.28,0.07,4523.1,298.6,75.0,12.0,15.26,8.27,0.06,-1.31,1916445796304185344,0.2667643,173.2774,1177.4
209.55501,28.53665,2118,564,53820,-22.31,44.935,0.005,41.91,0.03,6011.0,416.3,45.6,3.7,16.24,8.45,0.06,-1.62,2384811097921185792,0.2164237,86.3111,1177.4
209.58208,36.06712,1838,410,53467,-22.82,45.34,0.006,42.41,0.04,3656.5,655.3,52.3,4.8,23.52,8.22,0.16,-0.98,2069516786885224448,0.2799086,223.9284,1177.4
209.73915,16.2478,2743,581,54259,-22.34,44.894,0.001,42.3,0.02,3872.6,638.9,114.3,6.5,15.74,8.05,0.14,-1.26,3088503219987441664,0.2196604,409.3099,743.8288
209.78336,0.45886,301,505,51942,-22.82,45.081,0.005,41.78,0.07,3769.1,1229.1,23.4,3.8,16.68,8.12,0.28,-1.14,339034717884016640,0.2567531,209.2478,1087.856
209.92976,-0.57348,301,142,51942,-22.51,45.008,0.002,42.28,0.02,2162.2,163.9,85.6,3.2,29.52,7.6,0.07,-0.69,338934937203795968,0.1631027,779.7177,1177.4
210.12558,0.36904,301,545,51942,-23.06,45.238,0.003,42.26,0.03,2899.8,224.1,46.5,3.8,22.99,7.97,0.07,-0.83,339045713000294400,0.2585477,312.2499,1177.4
210.14029,15.74224,2743,26,54259,-22.53,45.072,0.003,42.16,0.05,3772.2,429.0,56.8,6.2,16.79,8.12,0.1,-1.14,3088350662749087744,0.2151691,255.7214,1177.4
210.25676,40.90882,1346,86,52822,-23.16,45.189,0.003,42.62,0.03,2081.5,562.1,119.7,8.8,20.42,7.66,0.23,-0.57,1515484961455499264,0.2068584,1116.408,1177.4
210.33385,18.48414,2757,462,54509,-22.56,45.126,0.004,42.24,0.03,6836.4,236.0,60.3,5.2,18.47,8.66,0.03,-1.63,3104233112406616064,0.2308016,101.603,1177.4
210.40263,4.27423,856,10,52339,-23.26,45.368,0.002,42.39,0.09,1899.7,614.8,45.8,7.9,28.05,7.67,0.28,-0.4,963773108278290432,0.1642211,1758.235,1177.4
210.44594,23.40369,2784,481,54529,-23.17,45.325,0.012,42.34,0.04,7858.1,380.0,45.8,5.3,32.97,8.88,0.04,-1.65,3134637632907143168,0.214991,203.1797,1177.4
210.4986,29.57025,2122,200,54178,-23.45,45.355,0.003,42.24,0.05,3934.9,1411.9,35.4,4.0,21.88,8.29,0.31,-1.04,2389214647996672000,0.2972041,268.0277,1177.4
210.50229,42.07821,1346,116,52822,-22.56,44.94,0.003,42.21,0.02,6485.1,261.9,85.1,3.6,18.23,8.52,0.04,-1.68,1515493207792707584,0.1680428,343.0688,775.2787
210.51982,29.66302,2122,436,54178,-22.65,45.133,0.008,42.24,0.06,3378.6,515.4,57.7,7.3,22.93,8.05,0.13,-1.02,2389279519182710784,0.1963692,356.9352,1177.4
210.7133,26.52155,2120,59,53852,-23.78,45.531,0.039,42.79,0.07,5145.9,1009.4,82.1,28.0,38.69,8.62,0.17,-1.18,2386924084928735232,0.187615,854.1714,1177.4
210.71722,4.99241,582,384,52045,-22.5,45.071,0.006,42.02,0.04,10777.9,1126.0,41.0,4.5,15.29,9.03,0.09,-2.06,655379333208107008,0.253616,30.66834,630.088
210.81631,22.97926,2784,535,54529,-22.95,45.295,0.001,42.38,0.01,9383.4,1361.2,54.4,1.1,43.82,9.02,0.13,-1.82,3134652476314118144,0.1600988,354.0004,1063.831
210.87303,13.84591,1704,389,53178,-22.59,45.078,0.003,42.31,0.02,5044.4,203.3,75.9,3.8,18.61,8.37,0.04,-1.39,1918640422083651584,0.1992838,243.5901,1177.4
210.90182,17.69337,2757,152,54509,-24.14,45.9,0.001,42.88,0.07,8298.6,577.8,40.5,5.8,49.8,9.21,0.06,-1.41,3104147900255463424,0.2253893,317.9666,1177.4
211.01747,46.70269,1286,384,52725,-22.89,45.269,0.003,42.25,0.03,11152.3,964.2,43.8,3.6,19.9,9.16,0.08,-1.99,1448012879033821184,0.2369364,77.77452,613.8095
211.02988,21.556,2771,419,54527,-24.57,45.884,0.002,43.13,0.03,2848.7,292.6,76.6,4.5,52.68,8.28,0.09,-0.49,3119983891654404096,0.2610683,1618.641,1177.4
211.03282,18.86899,2757,534,54509,-22.85,45.239,0.003,42.33,0.02,2076.6,84.2,54.4,2.4,19.87,7.68,0.04,-0.54,3104252903615916032,0.2451501,498.8271,1177.4
211.03526,4.68953,582,428,52045,-22.54,45.126,0.004,41.83,0.03,3815.9,241.0,22.5,1.5,18.66,8.15,0.05,-1.13,655391427836012544,0.2393308,150.5186,1177.4
211.24039,61.89123,605,120,52353,-23.04,45.249,0.007,42.59,0.03,2792.7,494.6,96.4,5.3,18.38,7.94,0.15,-0.79,681202468465436672,0.2690632,471.6942,1177.4
211.26102,47.12986,1285,39,52723,-22.68,45.043,0.03,42.35,0.05,3239.7,215.1,89.6,15.0,25.19,7.97,0.06,-1.03,1446792146215528448,0.1514203,834.8927,1177.4
211.37717,28.45683,2122,46,54178,-22.63,45.112,0.005,42.53,0.04,6834.1,495.4,117.3,12.0,18.54,8.65,0.06,-1.64,2389172316799002624,0.2514291,215.3567,1177.4
211.59122,22.39626,2784,10,54529,-22.71,45.142,0.001,42.21,0.03,1524.9,585.1,51.0,3.4,47.86,7.36,0.33,-0.32,3134508165412972544,0.09831072,4170.931,980.4828
211.61371,61.48055,606,290,52365,-22.63,45.014,0.004,42.11,0.03,9746.6,2076.7,59.5,4.8,20.82,8.91,0.19,-2.0,682375097817786368,0.1808696,194.0835,690.4115
211.74461,14.71066,2745,295,54231,-24.49,45.878,0.005,43.18,0.01,4512.2,96.3,84.9,2.3,42.95,8.67,0.02,-0.9,3090676404249978880,0.265141,944.1344,1177.4
211.75166,28.45407,2123,443,53793,-22.98,45.266,0.001,42.42,0.01,7341.3,250.5,66.6,1.5,48.85,8.79,0.03,-1.63,2390407336775673856,0.07700984,1357.127,1177.4
211.99046,32.53594,2121,631,54180,-22.97,45.205,0.005,42.47,0.02,6500.5,341.1,81.6,4.3,24.06,8.66,0.05,-1.55,2388207220501276672,0.2565132,164.8087,1177.4
212.11594,24.15685,2124,91,53770,-22.77,45.217,0.002,42.06,0.06,1620.6,67.7,31.6,4.2,35.4,7.45,0.04,-0.34,2391436479273396224,0.1303311,1565.531,1177.4
212.16252,63.10015,605,568,52353,-24.06,45.723,0.005,43.07,0.02,4647.8,286.3,95.1,5.0,39.12,8.62,0.05,-1.0,681325613767747584,0.2606139,674.885,1177.4
212.3098,56.94048,1159,65,52669,-23.07,45.21,0.004,42.07,0.06,1737.4,1285.8,35.1,4.6,19.7,7.51,0.64,-0.4,1304935903872968704,0.2383302,261.4418,1177.4
212.59206,20.24884,2771,71,54527,-22.6,44.873,0.009,42.34,0.04,5822.6,209.9,134.0,11.0,17.12,8.39,0.03,-1.62,3119888234142787584,0.2015326,351.5498,1177.4
212.67291,22.5603,2785,499,54537,-22.93,45.032,0.003,42.18,0.02,3689.1,209.1,66.2,3.6,24.14,8.08,0.05,-1.14,3135768480750528512,0.1724894,571.5805,1177.4
212.67485,31.67539,2125,432,53795,-22.54,45.138,0.003,42.14,0.02,4175.6,261.7,45.0,2.5,23.62,8.24,0.05,-1.2,2392656112965937152,0.1877306,267.1736,1177.4
212.72264,9.17416,1809,602,53792,-23.64,45.245,0.002,42.7,0.01,2568.0,76.0,126.9,3.2,36.17,7.87,0.03,-0.72,2036918471597516800,0.17813,2506.536,1177.4
212.81967,19.74446,2772,231,54529,-23.7,45.527,0.003,42.94,0.03,3431.0,65.5,111.5,7.2,36.64,8.26,0.02,-0.83,3121058114548295680,0.2385001,930.851,1177.4
212.88275,44.33362,1467,637,53115,-22.97,45.288,0.004,42.04,0.04,6779.1,377.5,26.2,2.4,19.5,8.73,0.05,-1.55,1651870312825907200,0.2592131,67.73352,1177.4
212.93848,10.50324,1705,133,53848,-23.26,45.428,0.007,42.57,0.03,7450.8,1204.2,60.9,4.3,24.65,8.88,0.14,-1.56,1919695964487051264,0.2870272,173.1083,1177.4
213.05675,2.20059,532,635,51993,-23.51,45.254,0.008,42.45,0.03,14826.0,2499.1,70.5,5.5,16.77,9.4,0.15,-2.24,599153331348203520,0.2951642,117.3503,540.926
213.05676,64.59415,498,105,51984,-23.91,45.419,0.002,42.85,0.01,3838.1,128.0,119.4,4.1,31.35,8.3,0.03,-0.99,560727049073879040,0.2883833,782.2548,1177.4
213.16348,9.51344,1810,439,53794,-23.35,45.395,0.002,42.55,0.02,3193.7,86.6,63.8,2.8,27.76,8.13,0.02,-0.84,2037999566439081984,0.2848062,483.3466,1177.4
213.31369,29.1105,2126,496,53794,-23.2,45.339,0.004,42.49,0.03,6370.3,683.2,62.2,4.5,26.31,8.7,0.09,-1.47,2393799605042046976,0.2252883,205.0993,1177.4
213.35474,34.25719,1839,511,53471,-22.73,45.219,0.003,42.18,0.09,1666.9,783.5,40.4,6.3,18.76,7.48,0.41,-0.36,2070670449527777280,0.2769306,281.2191,1177.4
213.46526,28.36807,2126,85,53794,-23.32,45.383,0.004,42.53,0.02,4991.0,535.7,64.1,2.9,26.19,8.51,0.09,-1.23,2393686630222292992,0.2475406,246.484,1177.4
213.67513,16.96866,2758,14,54523,-22.84,44.981,0.017,42.56,0.02,7387.9,248.8,176.3,11.0,21.28,8.65,0.03,-1.77,3105235867246028800,0.2375693,285.3593,1177.4
213.77463,4.76282,583,497,52055,-22.57,45.084,0.004,42.41,0.05,3994.1,162.8,92.7,11.0,18.55,8.17,0.04,-1.19,656536294486206464,0.2413322,218.3956,1177.4
213.98683,5.34154,583,527,52055,-22.31,44.979,0.004,41.94,0.03,3650.4,939.1,42.1,3.8,29.37,8.04,0.22,-1.16,656544540823414784,0.1263514,538.2548,1177.4
213.98857,49.89293,1672,363,53460,-22.31,45.065,0.007,41.61,0.04,2946.9,188.6,15.6,1.5,18.01,7.9,0.06,-0.93,1882604482970281984,0.1854482,237.2337,502.1912
214.25345,44.93511,1287,296,52728,-22.99,45.139,0.002,42.33,0.03,2918.2,108.6,72.1,4.9,37.29,7.93,0.03,-0.89,1449114589735184384,0.1137073,1965.385,1177.4
214.49271,36.12817,1644,349,53144,-22.82,44.98,0.005,42.35,0.05,2676.7,260.7,104.4,11.0,16.05,7.77,0.08,-0.89,1851075431986391040,0.2119145,765.9966,1177.4
214.93654,39.22152,1380,510,53084,-23.05,45.287,0.003,42.46,0.04,2237.3,242.0,65.6,5.4,20.44,7.77,0.09,-0.58,1553882110916323328,0.2762372,451.7043,1177.4
214.98602,58.58372,789,212,52342,-23.43,45.412,0.003,42.31,0.03,4212.3,369.7,35.9,2.6,22.62,8.38,0.08,-1.07,888393339907368960,0.2706725,247.8274,1177.4
214.99815,28.78419,2130,427,53881,-23.15,45.385,0.004,42.65,0.02,4286.7,278.4,80.1,4.0,22.13,8.38,0.06,-1.1,2398284239553456128,0.292812,281.8895,1177.4
215.17027,6.84987,1826,495,53499,-22.56,45.129,0.006,42.13,0.05,11689.3,2339.0,50.9,6.1,17.7,9.13,0.17,-2.1,2056029353162074112,0.2375394,34.24898,583.9388
215.41043,15.34608,2746,494,54232,-23.39,45.462,0.002,42.36,0.01,2910.1,210.3,34.8,1.0,34.64,8.09,0.06,-0.72,3091857004877080576,0.2311233,592.7064,1177.4
215.44234,7.65231,1811,122,53533,-23.66,45.632,0.002,42.85,0.02,2663.2,568.8,68.0,2.6,40.1,8.09,0.19,-0.56,2039038325670569984,0.2306872,1004.002,1177.4
215.51932,15.17963,2746,158,54232,-23.43,45.397,0.004,42.73,0.02,5367.2,268.4,91.4,4.4,30.3,8.58,0.04,-1.29,3091764645900347392,0.2561927,373.9967,1177.4
215.62642,29.8734,2129,18,54252,-22.5,45.126,0.001,41.59,0.04,1842.0,2661.2,13.3,1.3,34.54,7.52,1.25,-0.49,2397045920807020544,0.113312,562.6619,1108.865
215.6582,-2.94868,917,55,52400,-22.63,45.11,0.006,42.18,0.04,6189.6,194.6,55.8,5.9,17.29,8.57,0.03,-1.56,1032465373124913152,0.2814984,70.19965,897.4563
215.66095,14.61526,2746,150,54232,-22.98,45.256,0.003,42.45,0.04,2091.7,596.5,68.0,6.4,23.73,7.7,0.25,-0.54,3091762446877091840,0.2413164,562.0349,1177.4
215.67067,13.13061,1708,400,53503,-22.6,45.135,0.011,42.17,0.08,4411.5,252.3,47.9,8.4,18.64,8.28,0.05,-1.25,1923147050820593664,0.1972754,238.5981,1177.4
215.69078,63.12755,499,243,51988,-22.58,45.061,0.002,41.94,0.02,3098.8,135.1,33.9,1.3,34.46,7.94,0.04,-0.98,561890882198988800,0.1605999,490.5209,1177.4
215.72282,47.54786,1673,270,53462,-22.39,45.07,0.003,42.03,0.02,8623.5,1626.5,42.8,2.9,19.61,8.83,0.16,-1.86,1883704819265333248,0.199074,67.73324,675.2956
215.85612,38.67578,1381,326,53089,-22.68,45.23,0.005,42.31,0.02,3460.4,117.0,52.1,3.5,20.52,8.12,0.03,-0.99,1554957433372174336,0.2489426,312.3458,1177.4
215.96858,22.79596,2787,390,54552,-23.07,45.295,0.007,42.54,0.02,13583.3,1035.9,82.2,4.8,23.46,9.34,0.07,-2.15,3137990319124015104,0.2813598,140.2599,756.2535
216.10086,59.88348,789,507,52342,-23.56,45.469,0.013,42.33,0.06,5827.6,326.6,31.7,5.9,39.75,8.69,0.05,-1.32,888474428889917440,0.1347965,892.6796,1177.4
216.1458,21.70222,2787,171,54552,-22.62,45.103,0.008,42.06,0.05,5232.1,259.1,41.1,5.8,15.02,8.42,0.04,-1.41,3137930120862394368,0.2767682,74.55131,1177.4
216.18987,49.38834,1672,619,53460,-23.05,45.064,0.003,42.2,0.05,2299.4,366.7,60.0,5.7,23.57,7.68,0.14,-0.72,1882674851714459648,0.1798888,942.0079,1177.4
216.21803,4.78433,584,547,52049,-22.87,45.239,0.009,42.23,0.04,7431.7,586.4,43.5,4.5,16.98,8.79,0.07,-1.65,657675938187732992,0.2981969,62.52968,1177.4
216.34325,8.05753,1811,15,53533,-23.74,45.495,0.001,42.85,0.01,6431.5,300.5,97.5,2.1,34.12,8.79,0.04,-1.4,2039008913734526976,0.2299342,494.93,1177.4
216.5555,19.92353,2773,640,54533,-24.04,45.531,0.017,42.87,0.06,2701.0,181.3,93.7,13.0,34.82,8.06,0.06,-0.62,3122296439586187264,0.2134592,1652.594,1177.4
216.5596,27.4989,2134,268,53876,-22.59,45.254,0.005,42.31,0.03,4318.6,251.5,49.8,4.9,19.27,8.32,0.05,-1.17,2402744133509736448,0.2622485,268.1367,502.5004
216.66943,32.19776,1841,317,53491,-22.41,45.004,0.004,42.3,0.06,2126.7,692.5,89.1,11.0,17.1,7.58,0.28,-0.68,2072868923363059712,0.2018719,518.0533,1177.4
216.70325,0.88979,305,550,51613,-23.16,45.282,0.002,42.4,0.02,4648.7,352.3,61.9,2.9,29.56,8.4,0.07,-1.22,343550681497495552,0.2195398,349.2582,1177.4
216.81285,23.48639,2132,155,53493,-23.16,45.397,0.003,42.32,0.11,1624.2,810.8,36.6,7.2,23.65,7.55,0.43,-0.25,2400461266066892800,0.2327143,647.4112,1177.4
216.85437,19.83117,2774,430,54534,-23.92,45.637,0.005,42.86,0.05,7349.7,631.0,70.3,7.6,49.2,8.98,0.07,-1.44,3123364615149348864,0.1098744,1842.363,1177.4
216.95119,5.03946,585,368,52027,-22.88,45.26,0.008,42.22,0.04,2603.1,304.3,39.3,4.1,41.68,7.89,0.1,-0.73,658752634580133888,0.1058275,4298.79,1177.4
217.14192,21.50397,2788,395,54553,-23.52,45.323,0.003,42.76,0.01,4208.1,409.8,120.5,4.7,31.03,8.34,0.08,-1.11,3139117593437169664,0.2840404,506.8268,1177.4
217.37637,25.09153,2131,15,53819,-22.28,44.874,0.003,41.88,0.02,5302.9,339.7,48.3,2.5,21.08,8.31,0.06,-1.54,2399296888722450432,0.1453624,420.1388,1177.4
217.41977,3.35719,585,214,52027,-22.97,45.278,0.01,42.4,0.04,2623.5,600.4,56.4,6.7,20.36,7.9,0.2,-0.73,658710303382464512,0.2527613,391.4832,1177.4
217.42099,17.58763,2760,639,54506,-22.75,45.229,0.002,42.35,0.02,3247.3,184.9,58.4,3.7,21.43,8.06,0.05,-0.94,3107659465466341376,0.2248143,346.2589,1177.4
217.50821,10.22478,1709,230,53533,-22.53,45.071,0.004,42.14,0.03,2915.7,264.8,53.2,4.1,16.71,7.89,0.08,-0.92,1924226221986572288,0.2416667,292.4267,1177.4
217.74181,15.76547,2761,250,54534,-22.57,44.982,0.002,42.25,0.01,3083.8,94.0,85.4,3.3,24.96,7.9,0.03,-1.01,3108678438337144832,0.1624963,622.2419,1177.4
217.82271,49.44173,1046,125,52460,-22.98,45.218,0.008,42.52,0.05,2358.6,190.0,86.9,11.0,18.89,7.78,0.07,-0.66,1177725703567730688,0.2540441,513.0931,1177.4
217.84801,39.41706,1349,185,52797,-22.57,45.067,0.003,42.15,0.03,6630.9,591.4,57.3,4.2,21.94,8.6,0.08,-1.64,1518889873669384192,0.1619562,168.8464,1177.4
217.87337,29.28659,2133,43,53917,-23.39,45.464,0.002,42.63,0.03,3858.2,322.4,63.6,4.3,29.79,8.33,0.07,-0.97,2401556386761697280,0.255357,370.9969,1177.4
217.89716,48.22288,1673,598,53462,-22.46,45.126,0.004,41.93,0.05,2918.1,309.0,28.7,4.5,18.69,7.92,0.09,-0.89,1883794979218810880,0.2454427,188.0252,1177.4
218.23932,5.23159,585,607,52027,-22.52,45.053,0.009,42.2,0.03,10173.5,648.9,64.7,5.8,16.14,8.97,0.06,-2.02,658818330399893504,0.2001631,74.43661,932.4481
218.4509,1.49378,536,308,52024,-22.64,45.11,0.004,41.95,0.05,6946.6,409.7,32.0,3.6,15.98,8.67,0.05,-1.66,603567046420097024,0.2111076,81.3897,1177.4
218.577,49.21016,1046,54,52460,-22.76,45.155,0.007,42.27,0.05,13396.9,823.2,63.5,7.0,15.83,9.26,0.05,-2.2,1177706187236337664,0.2485362,14.08756,684.2502
218.59572,32.67818,1841,116,53491,-23.0,45.137,0.003,42.0,0.04,15830.9,937.8,34.4,3.5,17.14,9.39,0.05,-2.36,2072813672903763968,0.2458225,52.6361,928.1831
218.79291,49.80542,1047,355,52733,-22.65,44.94,0.003,42.13,0.01,7380.1,1126.2,72.7,2.8,19.74,8.63,0.13,-1.79,1178914829973350400,0.1660594,237.4101,1177.4
218.82355,18.93209,2774,38,54534,-23.26,45.358,0.005,42.6,0.02,5100.9,355.7,76.8,4.4,20.89,8.52,0.06,-1.26,3123256863009826816,0.2587776,221.7117,1177.4
219.00648,4.80215,586,416,52023,-22.3,44.988,0.004,41.79,0.03,2070.2,151.5,30.0,2.6,15.83,7.55,0.06,-0.67,659891728559400960,0.1940964,225.8264,1177.4
219.10869,31.55173,1842,291,53501,-22.8,45.169,0.007,42.16,0.05,8719.2,916.5,45.3,5.8,17.42,8.89,0.09,-1.82,2073987676612093952,0.264246,97.20817,834.3711
219.21461,34.60067,1645,109,53172,-22.73,45.155,0.005,42.12,0.05,7102.3,728.7,42.9,5.0,16.09,8.71,0.09,-1.65,1852135361665329152,0.2961887,49.70665,1177.4
219.25626,26.67199,2137,99,54206,-22.98,45.339,0.004,42.59,0.04,9502.8,319.6,80.3,7.5,24.61,9.05,0.03,-1.81,2406075384400472064,0.2184688,165.1788,1177.4
219.31303,54.87883,1162,141,52668,-22.63,45.084,0.004,42.25,0.02,2087.2,92.0,63.4,2.9,20.19,7.61,0.04,-0.62,1308334494297647104,0.2520696,403.3725,1177.4
219.37694,7.85777,1813,302,53903,-22.7,45.175,0.011,42.34,0.04,5253.4,486.2,66.5,6.0,21.12,8.46,0.08,-1.38,2041339609715075072,0.2567506,180.3115,1177.4
219.44949,28.50541,2137,441,54206,-22.75,45.104,0.009,42.33,0.03,3358.7,140.7,74.8,5.9,18.24,8.03,0.04,-1.03,2406169392644646912,0.2496374,322.4945,1177.4
219.57004,7.5981,1813,285,53903,-22.85,45.255,0.003,42.5,0.01,5066.3,259.3,75.3,2.5,29.47,8.46,0.04,-1.31,2041334936790657024,0.1868422,502.7711,1177.4
219.58603,41.94636,1396,175,53112,-23.16,45.464,0.017,42.45,0.05,2394.8,308.1,45.5,5.8,23.56,7.92,0.11,-0.55,1571804425796741120,0.2737464,469.2579,1177.4
219.62598,35.65449,1645,618,53172,-22.61,45.205,0.005,42.44,0.02,7998.1,772.5,76.7,3.9,18.58,8.84,0.08,-1.73,1852275274519963648,0.2620519,81.72304,1177.4
219.6385,10.33574,1711,436,53535,-22.36,45.177,0.003,42.28,0.01,2029.6,59.8,53.5,1.4,22.37,7.63,0.03,-0.55,1926534646682642432,0.2304113,400.3225,1177.4
219.70346,28.59892,2137,533,54206,-22.47,44.951,0.002,41.94,0.03,6789.6,641.8,45.4,3.6,15.59,8.57,0.08,-1.72,2406194681412085760,0.1996945,119.1435,767.8643
219.91783,3.09129,586,89,52023,-23.18,45.354,0.002,42.19,0.04,1281.1,490.1,29.9,2.0,21.82,7.32,0.33,-0.07,659801843483830272,0.2684219,410.672,932.7852
220.05313,61.94252,607,625,52368,-24.26,45.788,0.001,42.95,0.0,1512.7,32.7,62.9,0.85,44.68,7.68,0.02,0.01,683593081873786880,0.2755408,1777.994,1177.4
220.06677,20.35394,2789,231,54555,-22.36,44.948,0.004,42.11,0.02,5923.8,248.2,64.5,3.0,17.0,8.45,0.04,-1.6,3140198413400827904,0.2048016,155.7982,1177.4
220.11891,63.51298,2947,473,54533,-22.9,45.109,0.004,42.2,0.02,8071.8,309.5,55.7,2.8,23.05,8.8,0.03,-1.79,3318157118766344192,0.2847331,54.41901,1177.4
220.15971,8.67642,1813,471,53903,-22.73,45.153,0.003,42.37,0.02,4739.6,104.0,73.2,3.3,23.78,8.35,0.02,-1.3,2041386064081348608,0.2568896,173.0147,1177.4
220.24098,54.97278,1162,73,52668,-22.35,45.064,0.002,41.37,0.15,2255.2,4390.1,9.6,3.7,15.49,7.67,1.69,-0.7,1308315802599974912,0.230684,143.2007,732.3962
220.67,5.40646,1829,249,53494,-22.58,44.915,0.002,42.05,0.02,1990.4,332.2,64.9,3.2,31.46,7.48,0.14,-0.67,2059339432833607680,0.1170313,1324.26,1177.4
220.7408,44.71711,1289,449,52734,-22.98,45.178,0.005,42.36,0.03,7632.7,279.9,71.8,5.3,18.84,8.78,0.03,-1.7,1451408445969295360,0.2653963,82.51402,1177.4
220.76402,26.05829,2142,292,54208,-22.6,45.153,0.006,42.11,0.05,4657.1,348.2,39.3,5.1,17.19,8.34,0.06,-1.29,2411757935404279808,0.2570201,112.5764,1177.4
220.838,19.06447,2776,495,54554,-23.02,45.241,0.01,42.35,0.02,7800.5,570.7,58.3,5.1,17.65,8.83,0.06,-1.69,3125634282362529792,0.2991473,89.68754,434.8888
220.96365,37.87732,1350,247,52786,-23.26,45.354,0.004,42.5,0.02,4758.3,203.3,62.5,3.7,21.48,8.46,0.04,-1.21,1520032815821907968,0.2959745,280.5206,1177.4
220.99896,1.49897,536,30,52024,-23.0,45.323,0.004,42.66,0.02,1997.2,291.9,96.7,5.9,22.55,7.69,0.13,-0.47,603490630361966592,0.295637,468.7184,1177.4
221.06111,6.55188,1829,464,53494,-23.72,45.444,0.001,42.87,0.01,3897.2,127.5,116.4,2.8,34.53,8.33,0.03,-0.99,2059398531583600640,0.2076814,1192.412,1177.4
221.1947,59.17985,608,168,52081,-22.8,45.202,0.004,42.05,0.03,2215.8,245.8,30.7,2.1,20.31,7.72,0.1,-0.62,684593357762095104,0.2765597,257.3318,1177.4
221.2076,14.85081,2748,628,54234,-22.61,45.121,0.005,42.43,0.04,5437.3,249.5,91.0,10.0,16.78,8.46,0.04,-1.44,3094145638363850752,0.2679554,125.377,1177.4
221.28929,15.48982,2763,244,54507,-22.98,45.091,0.005,42.22,0.03,6482.6,227.3,62.5,5.0,16.61,8.6,0.03,-1.61,3110928588430403584,0.2697569,133.9435,1177.4
221.29224,30.83252,1842,67,53501,-23.74,45.532,0.002,42.94,0.02,4948.2,149.7,111.9,5.5,30.59,8.58,0.03,-1.15,2073926103960938496,0.2753552,437.241,1177.4
221.35516,21.75313,2144,287,53770,-22.79,45.083,0.005,42.28,0.02,3255.9,141.2,71.4,4.2,15.63,7.99,0.04,-1.01,2414008353480009728,0.2978118,334.8038,1177.4
221.35768,38.14327,1350,204,52786,-22.77,45.154,0.005,42.29,0.05,4686.3,482.3,61.3,6.9,16.32,8.35,0.09,-1.29,1520020996071909376,0.2472644,160.9789,1177.4
221.3734,36.77078,1383,321,53116,-22.72,45.138,0.01,42.36,0.02,3623.5,134.1,72.3,4.3,17.88,8.11,0.03,-1.08,1557207859249309696,0.2460904,358.9481,1177.4
221.39476,46.64323,1675,428,53466,-22.63,45.065,0.006,42.31,0.04,1508.9,198.6,79.2,8.5,15.3,7.32,0.11,-0.35,1886000049855424512,0.2581467,525.9301,1177.4
221.50357,22.55161,2144,263,53770,-22.99,45.245,0.005,42.15,0.05,3904.8,478.8,36.0,4.3,15.76,8.23,0.11,-1.09,2414001756410243072,0.2997678,81.89317,570.0732
221.57536,41.33418,1397,399,53119,-23.01,45.226,0.004,42.49,0.03,5259.5,280.7,84.6,5.7,23.73,8.48,0.05,-1.36,1572991898472179712,0.2688065,149.0531,1177.4
221.69142,40.58494,1397,190,53119,-25.07,46.118,0.002,43.38,0.01,2844.5,79.7,76.7,2.1,50.33,8.39,0.02,-0.38,1572934448989628416,0.2679094,2752.637,1177.4
221.76196,27.62964,2142,499,54208,-22.66,45.024,0.001,42.21,0.02,11380.7,2891.6,67.1,2.8,17.18,9.05,0.22,-2.13,2411814835131017216,0.2240888,131.6528,786.3713
221.94594,0.92169,308,523,51662,-22.9,45.206,0.004,42.15,0.03,4130.2,194.9,40.4,3.2,17.92,8.26,0.04,-1.16,346920960336619520,0.2963802,117.7394,1177.4
222.18289,25.52132,2143,446,54184,-23.09,45.261,0.004,42.36,0.03,2359.0,336.6,55.8,3.6,21.4,7.8,0.12,-0.64,2412926166106138624,0.2588363,428.948,1177.4
222.21992,3.9663,588,354,52045,-22.75,45.1,0.007,42.29,0.03,3544.2,229.4,70.9,5.3,15.64,8.08,0.06,-1.08,662126486311954432,0.2864626,181.4231,1177.4
222.3658,45.7561,1675,62,53466,-22.98,45.278,0.006,41.7,0.07,4671.2,998.7,12.0,2.1,15.32,8.4,0.19,-1.23,1885899444541483008,0.2880693,110.4995,1177.4
222.37704,-0.79621,308,43,51662,-23.53,45.393,0.004,42.34,0.02,7204.4,381.7,39.8,2.5,29.27,8.84,0.05,-1.55,346789018941286400,0.2524521,174.6231,1177.4
222.44037,42.37867,1290,264,52734,-22.81,45.19,0.005,42.36,0.03,2303.3,249.7,66.6,5.9,16.39,7.75,0.09,-0.66,1452483493463353344,0.2627973,384.6723,1177.4
222.61105,58.66248,608,1,52081,-22.44,45.125,0.003,41.93,0.04,4306.4,4308.9,30.1,3.0,16.49,8.26,0.87,-1.23,684547453151635456,0.2102813,59.42062,428.1343
222.70886,12.84332,1714,408,53521,-22.77,45.183,0.003,41.79,0.06,1643.2,266.5,18.0,2.7,17.12,7.45,0.14,-0.37,1929904649586894848,0.2603083,177.4319,346.0591
222.78651,27.15748,2142,637,54208,-22.49,45.267,0.002,42.12,0.02,1303.1,54.2,31.0,1.7,50.83,7.29,0.04,-0.12,2411852768282175488,0.06449452,6220.282,1041.39
222.8764,27.33852,2142,621,54208,-22.48,45.013,0.006,42.03,0.03,7508.3,452.0,48.1,4.0,15.58,8.68,0.05,-1.77,2411848370235664384,0.2375643,71.18325,896.3644
222.92848,61.12996,608,569,52081,-23.51,45.23,0.003,42.47,0.04,2909.9,254.2,78.2,6.3,21.55,7.97,0.08,-0.84,684703583802779648,0.2965274,491.3932,1177.4
222.96474,59.23336,608,65,52081,-22.99,45.288,0.004,42.44,0.04,2432.1,477.9,63.0,5.2,22.43,7.84,0.17,-0.65,684565045337679872,0.2973105,283.6123,1177.4
223.15788,44.99229,1676,255,53147,-22.81,45.134,0.006,42.05,0.05,3338.0,189.5,35.9,5.4,17.62,8.04,0.05,-1.01,1887078390532433920,0.2355146,272.791,1177.4
223.20541,7.41027,1814,125,54555,-22.79,45.123,0.006,42.3,0.04,3268.1,233.8,66.2,7.6,23.43,8.02,0.06,-0.99,2042416867171133440,0.1622115,1256.502,1177.4
223.2818,38.05546,1351,424,52790,-23.13,45.257,0.004,42.33,0.13,1446.5,941.2,51.7,12.0,17.29,7.38,0.57,-0.22,1521207369185388544,0.2617957,627.5483,1177.4
223.33969,12.94075,2750,86,54242,-22.68,45.19,0.001,42.41,0.02,2590.2,290.3,72.7,3.1,19.2,7.85,0.1,-0.76,3096248454486190080,0.2584745,298.6597,1177.4
223.38113,26.82966,2145,467,54212,-23.83,45.326,0.007,42.66,0.01,15309.0,2331.0,99.9,4.4,24.35,9.46,0.13,-2.23,2415183738825631744,0.2789952,202.7542,737.7065
223.44043,34.55563,1384,291,53121,-23.0,45.193,0.007,42.47,0.04,3717.0,664.3,84.7,8.7,20.38,8.16,0.16,-1.07,1558325512902830080,0.2095468,431.3989,1177.4
223.63936,61.28397,611,341,52055,-22.77,45.168,0.009,42.31,0.02,2228.0,132.3,60.2,3.7,18.0,7.71,0.05,-0.64,688018610924316672,0.2803703,358.8935,1177.4
223.64311,8.0602,1814,573,54555,-23.2,45.296,0.001,42.2,0.03,2776.7,667.6,36.8,2.8,42.03,7.96,0.21,-0.77,2042540012473444352,0.129768,1777.444,1177.4
224.03606,27.83577,2146,204,54230,-23.78,45.637,0.015,42.79,0.08,2258.5,306.2,59.7,16.0,31.27,7.95,0.12,-0.42,2416237346144937984,0.2483222,1012.94,1177.4
224.04491,52.87834,1164,239,52674,-22.45,44.987,0.007,42.14,0.03,3424.4,235.6,65.5,5.7,15.01,7.99,0.06,-1.1,1310613232246876160,0.2096944,210.3706,1177.4
224.10002,42.30006,1290,136,52734,-22.39,45.006,0.007,42.07,0.03,2355.7,135.9,50.9,4.8,15.74,7.67,0.05,-0.77,1452448309091264512,0.1898469,484.8739,1177.4
224.149,31.88417,1843,565,53816,-22.66,45.027,0.009,42.21,0.11,2689.6,1192.4,70.9,15.0,23.16,7.8,0.39,-0.87,2075188898350262272,0.2178915,369.7131,1177.4
224.33865,26.18867,2145,76,54212,-22.56,45.12,0.003,42.13,0.03,6328.2,465.9,46.6,3.2,19.68,8.59,0.06,-1.57,2415076261564016640,0.2296589,106.3263,1177.4
224.57652,48.67596,1048,589,52736,-22.84,45.098,0.003,42.48,0.02,2261.3,89.1,105.9,3.9,20.39,7.68,0.03,-0.69,1180105051360749568,0.2081537,852.7242,1177.4
224.66841,19.87184,2791,520,54556,-23.13,45.124,0.017,42.39,0.04,2310.5,491.6,81.2,7.7,21.06,7.72,0.18,-0.69,3142529652946397184,0.222684,973.6503,1177.4
224.7072,19.17597,2778,572,54539,-22.6,45.093,0.008,42.25,0.02,4367.3,273.9,64.4,4.7,16.19,8.25,0.05,-1.26,3127907247523391488,0.2681316,163.4199,1177.4
224.74715,53.58658,1164,422,52674,-22.65,45.132,0.005,42.19,0.03,5837.0,573.5,52.3,3.8,15.6,8.53,0.09,-1.49,1310663534903846912,0.2618298,110.1135,1177.4
224.8008,37.47339,1351,103,52790,-22.73,45.115,0.004,42.19,0.02,6525.4,303.9,55.7,3.3,17.48,8.61,0.04,-1.6,1521119133377259520,0.2047822,125.6766,1177.4
224.8786,53.38797,1164,480,52674,-22.86,45.166,0.005,42.39,0.02,3396.1,558.2,76.3,3.7,18.0,8.07,0.14,-1.01,1310679477822449664,0.2814417,241.9292,1177.4
225.31026,39.65771,1398,482,53146,-22.94,45.235,0.003,42.11,0.02,2461.0,268.7,32.6,1.8,23.32,7.83,0.09,-0.69,1574140613698283520,0.2308415,598.3192,1177.4
225.49626,30.88352,1844,446,54138,-22.32,44.866,0.004,42.1,0.01,5365.6,180.3,78.7,3.4,19.16,8.32,0.03,-1.55,2076282093188442112,0.1936767,206.9606,1177.4
225.51709,6.75446,1831,501,54557,-24.56,45.9,0.001,43.1,0.01,1569.3,173.9,67.3,1.6,39.52,7.77,0.1,0.03,2061660519714023424,0.2876647,2066.256,1177.4
225.69687,60.40243,611,201,52055,-22.84,45.171,0.004,42.36,0.04,3081.2,182.5,67.5,5.9,18.77,7.99,0.05,-0.92,687980128017344512,0.2826588,233.7183,1177.4
225.72551,7.69882,1815,156,53884,-22.81,45.179,0.004,42.37,0.02,3111.2,142.2,70.5,3.4,19.86,8.0,0.04,-0.92,2043551277035579392,0.2695875,295.1519,1177.4
226.03528,14.52314,2751,575,54243,-22.66,45.173,0.002,42.07,0.01,1886.1,105.8,35.9,1.1,38.38,7.56,0.05,-0.49,3097508769706305536,0.1180205,1935.271,1177.4
226.08711,1.8665,539,552,52017,-22.53,45.136,0.002,41.2,0.11,2542.8,2852.8,5.5,1.4,24.01,7.81,0.97,-0.77,607011816232478720,0.1827677,118.7833,409.4903
226.54376,2.28056,539,586,52017,-23.43,45.249,0.001,42.47,0.01,3265.3,98.2,72.5,1.5,47.45,8.08,0.03,-0.93,607021162081314816,0.1346648,2292.539,1177.4
226.61018,3.11664,589,41,52055,-22.3,44.97,0.002,42.1,0.02,2213.7,306.2,62.4,3.0,19.59,7.6,0.12,-0.73,663166349601695744,0.1729297,320.9311,1177.4
226.81383,8.30918,1816,420,53919,-22.45,45.02,0.002,42.22,0.09,1816.3,1296.9,70.8,14.0,24.32,7.46,0.62,-0.54,2044749745297057792,0.1642324,1217.472,1177.4
226.84193,51.33102,1165,240,52703,-23.2,45.263,0.006,42.37,0.05,14341.1,1008.1,58.2,6.3,17.8,9.37,0.06,-2.21,1311739407518164992,0.2706152,51.12079,1177.4
227.30362,53.47321,793,127,52370,-22.39,45.028,0.005,41.75,0.05,4162.3,2514.2,24.6,3.0,17.23,8.18,0.52,-1.25,892873575382411264,0.2023347,33.50986,1177.4
227.30748,17.95278,2792,89,54556,-23.39,45.357,0.002,42.49,0.02,2330.9,40.9,61.5,3.0,31.31,7.84,0.02,-0.58,3143537080475346944,0.1705441,1935.623,1177.4
227.46747,11.17974,1718,490,53850,-23.26,45.352,0.003,42.52,0.01,4691.2,169.9,64.4,1.9,25.1,8.45,0.03,-1.19,1934430794722338816,0.2848544,245.4682,1177.4
227.50128,17.13265,2780,275,54557,-22.62,45.022,0.005,42.16,0.03,4681.8,321.5,63.8,4.7,15.52,8.28,0.06,-1.36,3130077408900704256,0.2431923,215.1753,1177.4
227.58855,-2.06743,922,40,52426,-23.13,45.278,0.006,42.44,0.03,6142.2,2186.1,69.1,5.7,16.53,8.64,0.31,-1.46,1038090749926729728,0.2682625,144.7218,416.1169
227.75792,52.06391,1165,486,52703,-22.77,45.149,0.003,42.11,0.06,2149.0,718.4,41.4,4.9,18.76,7.67,0.29,-0.62,1311807027483273216,0.2112526,410.2334,1177.4
227.76669,3.25809,590,176,52057,-22.78,45.248,0.002,42.52,0.02,4000.5,573.3,82.3,4.4,26.45,8.25,0.12,-1.11,664329358059530240,0.1728526,657.3569,1177.4
227.7914,42.57627,1677,88,53148,-22.5,45.07,0.006,42.0,0.07,4654.8,1719.7,40.4,7.2,15.46,8.3,0.32,-1.33,1888158385845594112,0.2507105,138.4066,635.069
227.88557,10.16477,1718,79,53850,-24.02,45.708,0.002,42.87,0.02,4906.3,75.4,65.9,2.4,35.37,8.66,0.01,-1.05,1934317819902584832,0.2820169,452.3181,1177.4
228.15442,1.47912,540,68,51996,-23.39,45.328,0.004,42.57,0.02,5151.5,165.2,79.7,5.2,21.58,8.51,0.03,-1.29,608004674880038912,0.2648796,236.078,1177.4
228.32585,1.16461,312,330,51689,-22.84,45.113,0.003,42.47,0.02,3232.2,164.0,102.3,4.4,18.37,8.0,0.04,-0.99,351371508980934656,0.2171962,479.4295,1177.4
228.4045,20.19267,2156,193,54525,-23.25,45.484,0.004,42.52,0.02,9034.0,387.3,47.7,2.0,31.57,9.08,0.04,-1.7,2427493326505666560,0.2705555,119.7763,1177.4
228.43057,46.26311,1050,500,52721,-22.6,45.102,0.002,42.13,0.09,1353.6,758.6,47.3,7.7,20.05,7.24,0.49,-0.24,1182332386789058560,0.1986541,724.2312,1177.4
228.46458,26.39949,2157,195,54242,-23.68,45.248,0.014,42.5,0.03,2031.3,70.8,80.1,9.0,24.75,7.67,0.03,-0.52,2428619771420370944,0.2046669,2053.386,1177.4
228.55244,-0.05328,311,26,51665,-22.55,45.007,0.005,42.08,0.02,3820.6,265.0,54.5,2.5,15.77,8.09,0.06,-1.19,350162045787727872,0.2278282,236.1087,1177.4
228.58553,42.74594,1677,15,53148,-22.27,44.939,0.003,41.82,0.02,5103.6,207.7,34.7,2.2,21.51,8.31,0.04,-1.47,1888138319758387200,0.1503511,311.1623,580.4789
228.72195,5.61024,1834,341,54562,-22.33,44.954,0.004,41.76,0.07,15509.4,6612.7,31.4,6.0,19.25,9.29,0.37,-2.43,2064994239053326336,0.1740427,102.6267,579.1119
228.78096,6.95232,1818,268,54539,-23.41,45.337,0.005,42.57,0.03,3133.5,131.7,73.5,5.9,16.84,8.09,0.04,-0.85,2046959774070761472,0.2681072,592.9573,1177.4
228.99066,30.39921,1649,208,53149,-22.75,45.101,0.007,42.4,0.02,2204.1,101.5,86.7,5.4,16.39,7.66,0.04,-0.66,1856666173819611136,0.2517488,520.8255,1177.4
229.00163,57.40437,612,519,52079,-22.83,45.237,0.004,41.87,0.05,4444.0,1110.2,19.7,2.5,20.48,8.34,0.22,-1.2,689193439501248512,0.2042243,151.8444,606.5325
229.20442,49.50253,1330,568,52822,-22.81,45.107,0.004,41.96,0.04,4384.4,615.5,33.4,3.3,17.3,8.26,0.12,-1.26,1497603054097164288,0.2367526,152.3552,1177.4
229.36864,28.93783,1845,39,54144,-22.58,45.088,0.003,42.23,0.03,2519.4,643.6,62.7,4.1,20.87,7.77,0.22,-0.79,2077296117887821824,0.2079677,341.3671,1140.496
229.4323,7.02268,1817,35,53851,-23.2,45.329,0.002,42.34,0.02,1504.0,119.8,44.9,1.3,25.2,7.45,0.07,-0.22,2045769816068876288,0.2825226,497.5895,1177.4
229.78055,52.10167,1165,629,52703,-22.29,44.951,0.001,40.68,0.44,3852.2,1528.1,2.5,1.5,18.86,8.07,0.34,-1.22,1311846335023966208,0.1378198,165.0982,726.2383
229.84021,59.13999,613,99,52345,-22.55,44.931,0.001,42.24,0.01,2667.8,261.5,91.1,2.9,48.73,7.74,0.09,-0.91,690203895149914112,0.07809116,5256.383,1177.4
229.85664,44.13216,1051,265,52468,-22.85,45.183,0.004,42.41,0.02,1521.7,43.8,73.7,3.7,19.87,7.38,0.03,-0.3,1183393686143133696,0.2382287,709.6618,1177.4
229.9006,28.64101,1846,426,54173,-24.14,45.696,0.001,42.62,0.01,1744.9,76.6,36.5,0.72,34.91,7.76,0.04,-0.16,2078528396031191040,0.2689301,1164.139,1177.4
230.0343,46.27093,1050,584,52721,-22.27,44.932,0.004,42.08,0.03,6397.0,504.7,63.3,4.1,19.25,8.5,0.07,-1.67,1182355476533241856,0.1763156,145.867,1177.4
230.3094,22.46219,2158,114,54209,-23.56,45.37,0.002,42.73,0.01,2478.5,189.4,101.3,2.4,48.74,7.9,0.07,-0.63,2429723405663102976,0.136087,4356.603,1177.4
230.37639,27.73891,1846,125,54173,-22.76,45.082,0.007,42.34,0.02,2200.8,291.0,78.2,4.1,18.61,7.65,0.11,-0.67,2078445657781200896,0.2282974,588.8925,1177.4
230.40128,24.4816,2160,243,53885,-23.2,45.341,0.011,42.52,0.05,2578.1,84.2,64.9,10.0,33.48,7.92,0.03,-0.68,2432010659290966016,0.165382,1675.655,1177.4
230.41528,3.6248,592,376,52025,-22.94,45.19,0.001,42.55,0.02,5315.2,884.2,101.8,3.6,47.29,8.47,0.14,-1.38,666636132917733376,0.126024,926.9399,1177.4
230.5157,0.1912,312,639,51689,-22.8,45.23,0.004,42.23,0.02,3932.1,194.5,44.8,2.5,15.51,8.23,0.04,-1.1,351456446254180352,0.2399111,307.7378,1177.4
230.52112,1.44072,2953,240,54560,-22.82,45.218,0.004,41.37,0.14,7059.2,1601.1,6.7,2.1,35.7,8.73,0.2,-1.62,3324848472108066816,0.1133047,528.8362,782.7546
230.82791,30.80721,1651,373,53442,-22.99,45.213,0.005,42.13,0.06,3458.8,832.5,36.4,6.1,22.64,8.11,0.21,-1.0,1858963333403666432,0.2409074,479.9867,1177.4
231.0804,27.95578,1846,28,54173,-23.33,45.423,0.005,42.56,0.02,9345.2,348.3,60.6,3.4,24.76,9.08,0.03,-1.76,2078418994624227328,0.2843701,118.1586,1177.4
231.09229,26.70657,2160,444,53885,-22.72,44.989,0.005,42.19,0.04,4363.7,503.4,73.2,6.8,17.34,8.2,0.1,-1.31,2432065909750261760,0.2361374,324.7374,1177.4
231.11946,30.54376,1650,545,53174,-24.56,45.891,0.001,43.14,0.01,2572.5,106.9,76.1,1.9,40.15,8.19,0.04,-0.4,1857884708000524288,0.2739726,2162.26,1177.4
231.12225,35.25613,1354,466,52814,-22.6,45.143,0.005,41.8,0.05,1559.7,243.2,21.0,2.7,15.44,7.38,0.14,-0.34,1524596614180661248,0.2494513,252.4941,1022.106
231.14195,49.18947,1166,202,52751,-22.43,44.861,0.004,42.02,0.02,6731.1,181.5,69.1,4.4,21.01,8.51,0.02,-1.75,1312854862869850112,0.139522,170.3694,1177.4
